Industry,Year,Occupation,Employed_Residents
Accommodation & Food Services,2007,All Occupation Groups,123.10 
Accommodation & Food Services,2007,Associate Professionals & Technicians,3.40 
Accommodation & Food Services,2007,"Cleaners, Labourers & Related Workers",46.00 
Accommodation & Food Services,2007,Clerical Support Workers,5.70 
Accommodation & Food Services,2007,Craftsmen & Related Trades Workers,1.60 
Accommodation & Food Services,2007,Managers & Administrators (Including Working Proprietors),10.00 
Accommodation & Food Services,2007,Other Occupation Groups Nes,0.00 
Accommodation & Food Services,2007,Plant & Machine Operators & Assemblers,2.90 
Accommodation & Food Services,2007,Professionals,1.10 
Accommodation & Food Services,2007,Service & Sales Workers,52.40 
Accommodation & Food Services,2008,All Occupation Groups,120.00 
Accommodation & Food Services,2008,Associate Professionals & Technicians,3.60 
Accommodation & Food Services,2008,"Cleaners, Labourers & Related Workers",45.60 
Accommodation & Food Services,2008,Clerical Support Workers,5.90 
Accommodation & Food Services,2008,Craftsmen & Related Trades Workers,1.60 
Accommodation & Food Services,2008,Managers & Administrators (Including Working Proprietors),11.10 
Accommodation & Food Services,2008,Other Occupation Groups Nes,0.00 
Accommodation & Food Services,2008,Plant & Machine Operators & Assemblers,2.10 
Accommodation & Food Services,2008,Professionals,1.70 
Accommodation & Food Services,2008,Service & Sales Workers,48.30 
Accommodation & Food Services,2009,All Occupation Groups,124.90 
Accommodation & Food Services,2009,Associate Professionals & Technicians,4.30 
Accommodation & Food Services,2009,"Cleaners, Labourers & Related Workers",46.50 
Accommodation & Food Services,2009,Clerical Support Workers,6.20 
Accommodation & Food Services,2009,Craftsmen & Related Trades Workers,1.30 
Accommodation & Food Services,2009,Managers & Administrators (Including Working Proprietors),12.10 
Accommodation & Food Services,2009,Other Occupation Groups Nes,0.00 
Accommodation & Food Services,2009,Plant & Machine Operators & Assemblers,2.70 
Accommodation & Food Services,2009,Professionals,1.20 
Accommodation & Food Services,2009,Service & Sales Workers,50.60 
Accommodation & Food Services,2010,All Occupation Groups,128.90 
Accommodation & Food Services,2010,Associate Professionals & Technicians,9.20 
Accommodation & Food Services,2010,"Cleaners, Labourers & Related Workers",47.10 
Accommodation & Food Services,2010,Clerical Support Workers,6.20 
Accommodation & Food Services,2010,Craftsmen & Related Trades Workers,1.40 
Accommodation & Food Services,2010,Managers & Administrators (Including Working Proprietors),15.30 
Accommodation & Food Services,2010,Other Occupation Groups Nes,0.00 
Accommodation & Food Services,2010,Plant & Machine Operators & Assemblers,3.10 
Accommodation & Food Services,2010,Professionals,1.70 
Accommodation & Food Services,2010,Service & Sales Workers,45.00 
Accommodation & Food Services,2011,All Occupation Groups,135.20 
Accommodation & Food Services,2011,Associate Professionals & Technicians,11.30 
Accommodation & Food Services,2011,"Cleaners, Labourers & Related Workers",47.90 
Accommodation & Food Services,2011,Clerical Support Workers,7.60 
Accommodation & Food Services,2011,Craftsmen & Related Trades Workers,1.10 
Accommodation & Food Services,2011,Managers & Administrators (Including Working Proprietors),15.00 
Accommodation & Food Services,2011,Other Occupation Groups Nes,0.00 
Accommodation & Food Services,2011,Plant & Machine Operators & Assemblers,2.50 
Accommodation & Food Services,2011,Professionals,2.00 
Accommodation & Food Services,2011,Service & Sales Workers,48.00 
Accommodation & Food Services,2012,All Occupation Groups,129.30 
Accommodation & Food Services,2012,Associate Professionals & Technicians,10.30 
Accommodation & Food Services,2012,"Cleaners, Labourers & Related Workers",43.30 
Accommodation & Food Services,2012,Clerical Support Workers,7.00 
Accommodation & Food Services,2012,Craftsmen & Related Trades Workers,1.30 
Accommodation & Food Services,2012,Managers & Administrators (Including Working Proprietors),13.70 
Accommodation & Food Services,2012,Other Occupation Groups Nes,0.00 
Accommodation & Food Services,2012,Plant & Machine Operators & Assemblers,2.40 
Accommodation & Food Services,2012,Professionals,1.80 
Accommodation & Food Services,2012,Service & Sales Workers,49.60 
Accommodation & Food Services,2013,All Occupation Groups,135.10 
Accommodation & Food Services,2013,Associate Professionals & Technicians,9.70 
Accommodation & Food Services,2013,"Cleaners, Labourers & Related Workers",49.60 
Accommodation & Food Services,2013,Clerical Support Workers,8.10 
Accommodation & Food Services,2013,Craftsmen & Related Trades Workers,1.50 
Accommodation & Food Services,2013,Managers & Administrators (Including Working Proprietors),12.30 
Accommodation & Food Services,2013,Other Occupation Groups Nes,0.00 
Accommodation & Food Services,2013,Plant & Machine Operators & Assemblers,2.80 
Accommodation & Food Services,2013,Professionals,1.70 
Accommodation & Food Services,2013,Service & Sales Workers,49.30 
Accommodation & Food Services,2014,All Occupation Groups,137.10 
Accommodation & Food Services,2014,Associate Professionals & Technicians,13.00 
Accommodation & Food Services,2014,"Cleaners, Labourers & Related Workers",50.00 
Accommodation & Food Services,2014,Clerical Support Workers,8.30 
Accommodation & Food Services,2014,Craftsmen & Related Trades Workers,2.40 
Accommodation & Food Services,2014,Managers & Administrators (Including Working Proprietors),9.80 
Accommodation & Food Services,2014,Other Occupation Groups Nes,0.00 
Accommodation & Food Services,2014,Plant & Machine Operators & Assemblers,1.90 
Accommodation & Food Services,2014,Professionals,1.80 
Accommodation & Food Services,2014,Service & Sales Workers,50.00 
Accommodation & Food Services,2015,All Occupation Groups,139.10 
Accommodation & Food Services,2015,Associate Professionals & Technicians,10.80 
Accommodation & Food Services,2015,"Cleaners, Labourers & Related Workers",46.50 
Accommodation & Food Services,2015,Clerical Support Workers,7.30 
Accommodation & Food Services,2015,Craftsmen & Related Trades Workers,2.00 
Accommodation & Food Services,2015,Managers & Administrators (Including Working Proprietors),11.70 
Accommodation & Food Services,2015,Other Occupation Groups Nes,0.00 
Accommodation & Food Services,2015,Plant & Machine Operators & Assemblers,2.40 
Accommodation & Food Services,2015,Professionals,1.70 
Accommodation & Food Services,2015,Service & Sales Workers,56.90 
Accommodation & Food Services,2016,All Occupation Groups,138.20 
Accommodation & Food Services,2016,Associate Professionals & Technicians,10.40 
Accommodation & Food Services,2016,"Cleaners, Labourers & Related Workers",44.00 
Accommodation & Food Services,2016,Clerical Support Workers,6.90 
Accommodation & Food Services,2016,Craftsmen & Related Trades Workers,1.60 
Accommodation & Food Services,2016,Managers & Administrators (Including Working Proprietors),11.60 
Accommodation & Food Services,2016,Other Occupation Groups Nes,0.00 
Accommodation & Food Services,2016,Plant & Machine Operators & Assemblers,2.40 
Accommodation & Food Services,2016,Professionals,1.60 
Accommodation & Food Services,2016,Service & Sales Workers,59.60 
Accommodation & Food Services,2017,All Occupation Groups,134.40 
Accommodation & Food Services,2017,Associate Professionals & Technicians,9.70 
Accommodation & Food Services,2017,"Cleaners, Labourers & Related Workers",40.30 
Accommodation & Food Services,2017,Clerical Support Workers,7.90 
Accommodation & Food Services,2017,Craftsmen & Related Trades Workers,2.10 
Accommodation & Food Services,2017,Managers & Administrators (Including Working Proprietors),12.70 
Accommodation & Food Services,2017,Other Occupation Groups Nes,0.10 
Accommodation & Food Services,2017,Plant & Machine Operators & Assemblers,2.40 
Accommodation & Food Services,2017,Professionals,1.90 
Accommodation & Food Services,2017,Service & Sales Workers,57.20 
Accommodation & Food Services,2018,All Occupation Groups,134.40 
Accommodation & Food Services,2018,Associate Professionals & Technicians,13.60 
Accommodation & Food Services,2018,"Cleaners, Labourers & Related Workers",38.60 
Accommodation & Food Services,2018,Clerical Support Workers,9.00 
Accommodation & Food Services,2018,Craftsmen & Related Trades Workers,2.20 
Accommodation & Food Services,2018,Managers & Administrators (Including Working Proprietors),10.30 
Accommodation & Food Services,2018,Other Occupation Groups Nes,0.00 
Accommodation & Food Services,2018,Plant & Machine Operators & Assemblers,2.50 
Accommodation & Food Services,2018,Professionals,1.70 
Accommodation & Food Services,2018,Service & Sales Workers,56.50 
Accommodation & Food Services,2019,All Occupation Groups,131.80 
Accommodation & Food Services,2019,Associate Professionals & Technicians,10.50 
Accommodation & Food Services,2019,"Cleaners, Labourers & Related Workers",41.50 
Accommodation & Food Services,2019,Clerical Support Workers,7.40 
Accommodation & Food Services,2019,Craftsmen & Related Trades Workers,1.60 
Accommodation & Food Services,2019,Managers & Administrators (Including Working Proprietors),11.50 
Accommodation & Food Services,2019,Other Occupation Groups Nes,0.10 
Accommodation & Food Services,2019,Plant & Machine Operators & Assemblers,2.00 
Accommodation & Food Services,2019,Professionals,1.80 
Accommodation & Food Services,2019,Service & Sales Workers,55.40 
Accommodation & Food Services,2020,All Occupation Groups,128.90 
Accommodation & Food Services,2020,Associate Professionals & Technicians,13.30 
Accommodation & Food Services,2020,"Cleaners, Labourers & Related Workers",33.90 
Accommodation & Food Services,2020,Clerical Support Workers,9.40 
Accommodation & Food Services,2020,Craftsmen & Related Trades Workers,1.00 
Accommodation & Food Services,2020,Managers & Administrators (Including Working Proprietors),9.20 
Accommodation & Food Services,2020,Other Occupation Groups Nes,0.10 
Accommodation & Food Services,2020,Plant & Machine Operators & Assemblers,1.80 
Accommodation & Food Services,2020,Professionals,2.80 
Accommodation & Food Services,2020,Service & Sales Workers,57.30 
Accommodation & Food Services,2021,All Occupation Groups,125.20 
Accommodation & Food Services,2021,Associate Professionals & Technicians,11.70 
Accommodation & Food Services,2021,"Cleaners, Labourers & Related Workers",31.40 
Accommodation & Food Services,2021,Clerical Support Workers,8.40 
Accommodation & Food Services,2021,Craftsmen & Related Trades Workers,1.20 
Accommodation & Food Services,2021,Managers & Administrators (Including Working Proprietors),10.00 
Accommodation & Food Services,2021,Other Occupation Groups Nes,0.10 
Accommodation & Food Services,2021,Plant & Machine Operators & Assemblers,2.20 
Accommodation & Food Services,2021,Professionals,2.50 
Accommodation & Food Services,2021,Service & Sales Workers,57.80 
Accommodation & Food Services,2022,All Occupation Groups,126.60 
Accommodation & Food Services,2022,Associate Professionals & Technicians,13.40 
Accommodation & Food Services,2022,"Cleaners, Labourers & Related Workers",31.60 
Accommodation & Food Services,2022,Clerical Support Workers,7.60 
Accommodation & Food Services,2022,Craftsmen & Related Trades Workers,1.10 
Accommodation & Food Services,2022,Managers & Administrators (Including Working Proprietors),9.80 
Accommodation & Food Services,2022,Other Occupation Groups Nes,0.00 
Accommodation & Food Services,2022,Plant & Machine Operators & Assemblers,2.30 
Accommodation & Food Services,2022,Professionals,2.90 
Accommodation & Food Services,2022,Service & Sales Workers,58.00 
Accommodation & Food Services,2023,All Occupation Groups,139.50 
Accommodation & Food Services,2023,Associate Professionals & Technicians,15.40 
Accommodation & Food Services,2023,"Cleaners, Labourers & Related Workers",33.40 
Accommodation & Food Services,2023,Clerical Support Workers,9.00 
Accommodation & Food Services,2023,Craftsmen & Related Trades Workers,1.50 
Accommodation & Food Services,2023,Managers & Administrators (Including Working Proprietors),9.70 
Accommodation & Food Services,2023,Other Occupation Groups Nes,0.00 
Accommodation & Food Services,2023,Plant & Machine Operators & Assemblers,2.30 
Accommodation & Food Services,2023,Professionals,3.40 
Accommodation & Food Services,2023,Service & Sales Workers,64.90 
Accommodation & Food Services,2024,All Occupation Groups,147.50 
Accommodation & Food Services,2024,Associate Professionals & Technicians,15.50 
Accommodation & Food Services,2024,"Cleaners, Labourers & Related Workers",39.40 
Accommodation & Food Services,2024,Clerical Support Workers,9.20 
Accommodation & Food Services,2024,Craftsmen & Related Trades Workers,1.20 
Accommodation & Food Services,2024,Managers & Administrators (Including Working Proprietors),12.40 
Accommodation & Food Services,2024,Other Occupation Groups Nes,0.10 
Accommodation & Food Services,2024,Plant & Machine Operators & Assemblers,2.10 
Accommodation & Food Services,2024,Professionals,3.80 
Accommodation & Food Services,2024,Service & Sales Workers,63.80 
Financial & Insurance Services,2007,All Occupation Groups,109.70 
Financial & Insurance Services,2007,Associate Professionals & Technicians,27.40 
Financial & Insurance Services,2007,"Cleaners, Labourers & Related Workers",0.50 
Financial & Insurance Services,2007,Clerical Support Workers,24.50 
Financial & Insurance Services,2007,Craftsmen & Related Trades Workers,0.10 
Financial & Insurance Services,2007,Managers & Administrators (Including Working Proprietors),22.30 
Financial & Insurance Services,2007,Other Occupation Groups Nes,0.00 
Financial & Insurance Services,2007,Plant & Machine Operators & Assemblers,0.40 
Financial & Insurance Services,2007,Professionals,34.10 
Financial & Insurance Services,2007,Service & Sales Workers,0.50 
Financial & Insurance Services,2008,All Occupation Groups,123.60 
Financial & Insurance Services,2008,Associate Professionals & Technicians,32.20 
Financial & Insurance Services,2008,"Cleaners, Labourers & Related Workers",0.80 
Financial & Insurance Services,2008,Clerical Support Workers,24.50 
Financial & Insurance Services,2008,Craftsmen & Related Trades Workers,0.00 
Financial & Insurance Services,2008,Managers & Administrators (Including Working Proprietors),24.20 
Financial & Insurance Services,2008,Other Occupation Groups Nes,0.00 
Financial & Insurance Services,2008,Plant & Machine Operators & Assemblers,0.50 
Financial & Insurance Services,2008,Professionals,40.60 
Financial & Insurance Services,2008,Service & Sales Workers,0.70 
Financial & Insurance Services,2009,All Occupation Groups,121.90 
Financial & Insurance Services,2009,Associate Professionals & Technicians,35.10 
Financial & Insurance Services,2009,"Cleaners, Labourers & Related Workers",1.00 
Financial & Insurance Services,2009,Clerical Support Workers,22.60 
Financial & Insurance Services,2009,Craftsmen & Related Trades Workers,0.20 
Financial & Insurance Services,2009,Managers & Administrators (Including Working Proprietors),23.60 
Financial & Insurance Services,2009,Other Occupation Groups Nes,0.00 
Financial & Insurance Services,2009,Plant & Machine Operators & Assemblers,0.70 
Financial & Insurance Services,2009,Professionals,37.80 
Financial & Insurance Services,2009,Service & Sales Workers,0.80 
Financial & Insurance Services,2010,All Occupation Groups,126.00 
Financial & Insurance Services,2010,Associate Professionals & Technicians,23.30 
Financial & Insurance Services,2010,"Cleaners, Labourers & Related Workers",0.90 
Financial & Insurance Services,2010,Clerical Support Workers,26.80 
Financial & Insurance Services,2010,Craftsmen & Related Trades Workers,0.10 
Financial & Insurance Services,2010,Managers & Administrators (Including Working Proprietors),32.50 
Financial & Insurance Services,2010,Other Occupation Groups Nes,0.00 
Financial & Insurance Services,2010,Plant & Machine Operators & Assemblers,0.70 
Financial & Insurance Services,2010,Professionals,40.80 
Financial & Insurance Services,2010,Service & Sales Workers,0.80 
Financial & Insurance Services,2011,All Occupation Groups,145.50 
Financial & Insurance Services,2011,Associate Professionals & Technicians,31.00 
Financial & Insurance Services,2011,"Cleaners, Labourers & Related Workers",0.60 
Financial & Insurance Services,2011,Clerical Support Workers,26.20 
Financial & Insurance Services,2011,Craftsmen & Related Trades Workers,0.10 
Financial & Insurance Services,2011,Managers & Administrators (Including Working Proprietors),42.70 
Financial & Insurance Services,2011,Other Occupation Groups Nes,0.00 
Financial & Insurance Services,2011,Plant & Machine Operators & Assemblers,0.80 
Financial & Insurance Services,2011,Professionals,42.70 
Financial & Insurance Services,2011,Service & Sales Workers,1.20 
Financial & Insurance Services,2012,All Occupation Groups,150.60 
Financial & Insurance Services,2012,Associate Professionals & Technicians,29.60 
Financial & Insurance Services,2012,"Cleaners, Labourers & Related Workers",0.90 
Financial & Insurance Services,2012,Clerical Support Workers,30.70 
Financial & Insurance Services,2012,Craftsmen & Related Trades Workers,0.40 
Financial & Insurance Services,2012,Managers & Administrators (Including Working Proprietors),40.40 
Financial & Insurance Services,2012,Other Occupation Groups Nes,0.00 
Financial & Insurance Services,2012,Plant & Machine Operators & Assemblers,0.60 
Financial & Insurance Services,2012,Professionals,46.20 
Financial & Insurance Services,2012,Service & Sales Workers,1.80 
Financial & Insurance Services,2013,All Occupation Groups,147.80 
Financial & Insurance Services,2013,Associate Professionals & Technicians,30.00 
Financial & Insurance Services,2013,"Cleaners, Labourers & Related Workers",0.80 
Financial & Insurance Services,2013,Clerical Support Workers,29.20 
Financial & Insurance Services,2013,Craftsmen & Related Trades Workers,0.40 
Financial & Insurance Services,2013,Managers & Administrators (Including Working Proprietors),42.00 
Financial & Insurance Services,2013,Other Occupation Groups Nes,0.00 
Financial & Insurance Services,2013,Plant & Machine Operators & Assemblers,1.00 
Financial & Insurance Services,2013,Professionals,43.40 
Financial & Insurance Services,2013,Service & Sales Workers,1.10 
Financial & Insurance Services,2014,All Occupation Groups,165.60 
Financial & Insurance Services,2014,Associate Professionals & Technicians,40.10 
Financial & Insurance Services,2014,"Cleaners, Labourers & Related Workers",1.60 
Financial & Insurance Services,2014,Clerical Support Workers,26.90 
Financial & Insurance Services,2014,Craftsmen & Related Trades Workers,0.60 
Financial & Insurance Services,2014,Managers & Administrators (Including Working Proprietors),44.50 
Financial & Insurance Services,2014,Other Occupation Groups Nes,0.00 
Financial & Insurance Services,2014,Plant & Machine Operators & Assemblers,1.20 
Financial & Insurance Services,2014,Professionals,48.90 
Financial & Insurance Services,2014,Service & Sales Workers,1.70 
Financial & Insurance Services,2015,All Occupation Groups,167.30 
Financial & Insurance Services,2015,Associate Professionals & Technicians,37.50 
Financial & Insurance Services,2015,"Cleaners, Labourers & Related Workers",1.80 
Financial & Insurance Services,2015,Clerical Support Workers,27.50 
Financial & Insurance Services,2015,Craftsmen & Related Trades Workers,0.90 
Financial & Insurance Services,2015,Managers & Administrators (Including Working Proprietors),40.20 
Financial & Insurance Services,2015,Other Occupation Groups Nes,0.00 
Financial & Insurance Services,2015,Plant & Machine Operators & Assemblers,2.10 
Financial & Insurance Services,2015,Professionals,55.00 
Financial & Insurance Services,2015,Service & Sales Workers,2.20 
Financial & Insurance Services,2016,All Occupation Groups,190.70 
Financial & Insurance Services,2016,Associate Professionals & Technicians,46.50 
Financial & Insurance Services,2016,"Cleaners, Labourers & Related Workers",3.50 
Financial & Insurance Services,2016,Clerical Support Workers,28.50 
Financial & Insurance Services,2016,Craftsmen & Related Trades Workers,1.50 
Financial & Insurance Services,2016,Managers & Administrators (Including Working Proprietors),41.80 
Financial & Insurance Services,2016,Other Occupation Groups Nes,0.00 
Financial & Insurance Services,2016,Plant & Machine Operators & Assemblers,2.60 
Financial & Insurance Services,2016,Professionals,62.80 
Financial & Insurance Services,2016,Service & Sales Workers,3.40 
Financial & Insurance Services,2017,All Occupation Groups,189.60 
Financial & Insurance Services,2017,Associate Professionals & Technicians,44.10 
Financial & Insurance Services,2017,"Cleaners, Labourers & Related Workers",3.00 
Financial & Insurance Services,2017,Clerical Support Workers,27.40 
Financial & Insurance Services,2017,Craftsmen & Related Trades Workers,1.20 
Financial & Insurance Services,2017,Managers & Administrators (Including Working Proprietors),39.60 
Financial & Insurance Services,2017,Other Occupation Groups Nes,0.00 
Financial & Insurance Services,2017,Plant & Machine Operators & Assemblers,2.10 
Financial & Insurance Services,2017,Professionals,69.20 
Financial & Insurance Services,2017,Service & Sales Workers,2.90 
Financial & Insurance Services,2018,All Occupation Groups,196.00 
Financial & Insurance Services,2018,Associate Professionals & Technicians,46.10 
Financial & Insurance Services,2018,"Cleaners, Labourers & Related Workers",3.20 
Financial & Insurance Services,2018,Clerical Support Workers,28.50 
Financial & Insurance Services,2018,Craftsmen & Related Trades Workers,1.20 
Financial & Insurance Services,2018,Managers & Administrators (Including Working Proprietors),44.30 
Financial & Insurance Services,2018,Other Occupation Groups Nes,0.10 
Financial & Insurance Services,2018,Plant & Machine Operators & Assemblers,2.60 
Financial & Insurance Services,2018,Professionals,64.80 
Financial & Insurance Services,2018,Service & Sales Workers,5.30 
Financial & Insurance Services,2019,All Occupation Groups,209.40 
Financial & Insurance Services,2019,Associate Professionals & Technicians,46.30 
Financial & Insurance Services,2019,"Cleaners, Labourers & Related Workers",2.40 
Financial & Insurance Services,2019,Clerical Support Workers,28.90 
Financial & Insurance Services,2019,Craftsmen & Related Trades Workers,1.70 
Financial & Insurance Services,2019,Managers & Administrators (Including Working Proprietors),49.60 
Financial & Insurance Services,2019,Other Occupation Groups Nes,0.10 
Financial & Insurance Services,2019,Plant & Machine Operators & Assemblers,3.70 
Financial & Insurance Services,2019,Professionals,71.60 
Financial & Insurance Services,2019,Service & Sales Workers,5.00 
Financial & Insurance Services,2020,All Occupation Groups,207.90 
Financial & Insurance Services,2020,Associate Professionals & Technicians,47.10 
Financial & Insurance Services,2020,"Cleaners, Labourers & Related Workers",3.40 
Financial & Insurance Services,2020,Clerical Support Workers,23.00 
Financial & Insurance Services,2020,Craftsmen & Related Trades Workers,1.40 
Financial & Insurance Services,2020,Managers & Administrators (Including Working Proprietors),54.10 
Financial & Insurance Services,2020,Other Occupation Groups Nes,0.00 
Financial & Insurance Services,2020,Plant & Machine Operators & Assemblers,2.60 
Financial & Insurance Services,2020,Professionals,70.80 
Financial & Insurance Services,2020,Service & Sales Workers,5.60 
Financial & Insurance Services,2021,All Occupation Groups,225.20 
Financial & Insurance Services,2021,Associate Professionals & Technicians,49.60 
Financial & Insurance Services,2021,"Cleaners, Labourers & Related Workers",2.60 
Financial & Insurance Services,2021,Clerical Support Workers,24.50 
Financial & Insurance Services,2021,Craftsmen & Related Trades Workers,0.90 
Financial & Insurance Services,2021,Managers & Administrators (Including Working Proprietors),47.80 
Financial & Insurance Services,2021,Other Occupation Groups Nes,0.10 
Financial & Insurance Services,2021,Plant & Machine Operators & Assemblers,2.60 
Financial & Insurance Services,2021,Professionals,92.80 
Financial & Insurance Services,2021,Service & Sales Workers,4.40 
Financial & Insurance Services,2022,All Occupation Groups,235.80 
Financial & Insurance Services,2022,Associate Professionals & Technicians,51.30 
Financial & Insurance Services,2022,"Cleaners, Labourers & Related Workers",3.30 
Financial & Insurance Services,2022,Clerical Support Workers,23.30 
Financial & Insurance Services,2022,Craftsmen & Related Trades Workers,1.30 
Financial & Insurance Services,2022,Managers & Administrators (Including Working Proprietors),57.80 
Financial & Insurance Services,2022,Other Occupation Groups Nes,0.10 
Financial & Insurance Services,2022,Plant & Machine Operators & Assemblers,2.00 
Financial & Insurance Services,2022,Professionals,91.80 
Financial & Insurance Services,2022,Service & Sales Workers,5.00 
Financial & Insurance Services,2023,All Occupation Groups,236.20 
Financial & Insurance Services,2023,Associate Professionals & Technicians,47.00 
Financial & Insurance Services,2023,"Cleaners, Labourers & Related Workers",4.30 
Financial & Insurance Services,2023,Clerical Support Workers,22.00 
Financial & Insurance Services,2023,Craftsmen & Related Trades Workers,1.00 
Financial & Insurance Services,2023,Managers & Administrators (Including Working Proprietors),60.40 
Financial & Insurance Services,2023,Other Occupation Groups Nes,0.10 
Financial & Insurance Services,2023,Plant & Machine Operators & Assemblers,1.70 
Financial & Insurance Services,2023,Professionals,94.60 
Financial & Insurance Services,2023,Service & Sales Workers,5.20 
Financial & Insurance Services,2024,All Occupation Groups,239.40 
Financial & Insurance Services,2024,Associate Professionals & Technicians,44.80 
Financial & Insurance Services,2024,"Cleaners, Labourers & Related Workers",3.80 
Financial & Insurance Services,2024,Clerical Support Workers,23.00 
Financial & Insurance Services,2024,Craftsmen & Related Trades Workers,1.10 
Financial & Insurance Services,2024,Managers & Administrators (Including Working Proprietors),61.90 
Financial & Insurance Services,2024,Other Occupation Groups Nes,0.10 
Financial & Insurance Services,2024,Plant & Machine Operators & Assemblers,1.80 
Financial & Insurance Services,2024,Professionals,99.70 
Financial & Insurance Services,2024,Service & Sales Workers,3.30 
Information & Communications,2007,All Occupation Groups,87.80 
Information & Communications,2007,Associate Professionals & Technicians,12.40 
Information & Communications,2007,"Cleaners, Labourers & Related Workers",0.60 
Information & Communications,2007,Clerical Support Workers,10.00 
Information & Communications,2007,Craftsmen & Related Trades Workers,1.40 
Information & Communications,2007,Managers & Administrators (Including Working Proprietors),24.40 
Information & Communications,2007,Other Occupation Groups Nes,0.00 
Information & Communications,2007,Plant & Machine Operators & Assemblers,0.60 
Information & Communications,2007,Professionals,37.30 
Information & Communications,2007,Service & Sales Workers,1.20 
Information & Communications,2008,All Occupation Groups,87.00 
Information & Communications,2008,Associate Professionals & Technicians,14.30 
Information & Communications,2008,"Cleaners, Labourers & Related Workers",0.80 
Information & Communications,2008,Clerical Support Workers,9.20 
Information & Communications,2008,Craftsmen & Related Trades Workers,1.00 
Information & Communications,2008,Managers & Administrators (Including Working Proprietors),24.60 
Information & Communications,2008,Other Occupation Groups Nes,0.00 
Information & Communications,2008,Plant & Machine Operators & Assemblers,0.60 
Information & Communications,2008,Professionals,35.30 
Information & Communications,2008,Service & Sales Workers,1.40 
Information & Communications,2009,All Occupation Groups,94.30 
Information & Communications,2009,Associate Professionals & Technicians,13.30 
Information & Communications,2009,"Cleaners, Labourers & Related Workers",0.70 
Information & Communications,2009,Clerical Support Workers,10.50 
Information & Communications,2009,Craftsmen & Related Trades Workers,1.20 
Information & Communications,2009,Managers & Administrators (Including Working Proprietors),26.40 
Information & Communications,2009,Other Occupation Groups Nes,0.00 
Information & Communications,2009,Plant & Machine Operators & Assemblers,0.60 
Information & Communications,2009,Professionals,40.60 
Information & Communications,2009,Service & Sales Workers,1.10 
Information & Communications,2010,All Occupation Groups,100.50 
Information & Communications,2010,Associate Professionals & Technicians,13.90 
Information & Communications,2010,"Cleaners, Labourers & Related Workers",1.00 
Information & Communications,2010,Clerical Support Workers,10.60 
Information & Communications,2010,Craftsmen & Related Trades Workers,1.40 
Information & Communications,2010,Managers & Administrators (Including Working Proprietors),32.90 
Information & Communications,2010,Other Occupation Groups Nes,0.00 
Information & Communications,2010,Plant & Machine Operators & Assemblers,1.00 
Information & Communications,2010,Professionals,37.90 
Information & Communications,2010,Service & Sales Workers,1.80 
Information & Communications,2011,All Occupation Groups,86.00 
Information & Communications,2011,Associate Professionals & Technicians,13.00 
Information & Communications,2011,"Cleaners, Labourers & Related Workers",0.60 
Information & Communications,2011,Clerical Support Workers,10.10 
Information & Communications,2011,Craftsmen & Related Trades Workers,1.10 
Information & Communications,2011,Managers & Administrators (Including Working Proprietors),30.30 
Information & Communications,2011,Other Occupation Groups Nes,0.00 
Information & Communications,2011,Plant & Machine Operators & Assemblers,0.30 
Information & Communications,2011,Professionals,29.50 
Information & Communications,2011,Service & Sales Workers,1.10 
Information & Communications,2012,All Occupation Groups,86.50 
Information & Communications,2012,Associate Professionals & Technicians,12.60 
Information & Communications,2012,"Cleaners, Labourers & Related Workers",0.90 
Information & Communications,2012,Clerical Support Workers,9.00 
Information & Communications,2012,Craftsmen & Related Trades Workers,0.80 
Information & Communications,2012,Managers & Administrators (Including Working Proprietors),28.90 
Information & Communications,2012,Other Occupation Groups Nes,0.00 
Information & Communications,2012,Plant & Machine Operators & Assemblers,0.80 
Information & Communications,2012,Professionals,31.20 
Information & Communications,2012,Service & Sales Workers,2.30 
Information & Communications,2013,All Occupation Groups,92.30 
Information & Communications,2013,Associate Professionals & Technicians,15.90 
Information & Communications,2013,"Cleaners, Labourers & Related Workers",1.10 
Information & Communications,2013,Clerical Support Workers,9.80 
Information & Communications,2013,Craftsmen & Related Trades Workers,1.20 
Information & Communications,2013,Managers & Administrators (Including Working Proprietors),30.90 
Information & Communications,2013,Other Occupation Groups Nes,0.00 
Information & Communications,2013,Plant & Machine Operators & Assemblers,0.50 
Information & Communications,2013,Professionals,31.00 
Information & Communications,2013,Service & Sales Workers,2.00 
Information & Communications,2014,All Occupation Groups,88.40 
Information & Communications,2014,Associate Professionals & Technicians,16.70 
Information & Communications,2014,"Cleaners, Labourers & Related Workers",1.20 
Information & Communications,2014,Clerical Support Workers,10.60 
Information & Communications,2014,Craftsmen & Related Trades Workers,1.50 
Information & Communications,2014,Managers & Administrators (Including Working Proprietors),23.80 
Information & Communications,2014,Other Occupation Groups Nes,0.20 
Information & Communications,2014,Plant & Machine Operators & Assemblers,0.90 
Information & Communications,2014,Professionals,32.00 
Information & Communications,2014,Service & Sales Workers,1.50 
Information & Communications,2015,All Occupation Groups,86.10 
Information & Communications,2015,Associate Professionals & Technicians,17.60 
Information & Communications,2015,"Cleaners, Labourers & Related Workers",1.10 
Information & Communications,2015,Clerical Support Workers,9.70 
Information & Communications,2015,Craftsmen & Related Trades Workers,1.10 
Information & Communications,2015,Managers & Administrators (Including Working Proprietors),24.60 
Information & Communications,2015,Other Occupation Groups Nes,0.00 
Information & Communications,2015,Plant & Machine Operators & Assemblers,0.40 
Information & Communications,2015,Professionals,29.30 
Information & Communications,2015,Service & Sales Workers,2.10 
Information & Communications,2016,All Occupation Groups,87.00 
Information & Communications,2016,Associate Professionals & Technicians,18.80 
Information & Communications,2016,"Cleaners, Labourers & Related Workers",1.00 
Information & Communications,2016,Clerical Support Workers,10.20 
Information & Communications,2016,Craftsmen & Related Trades Workers,1.10 
Information & Communications,2016,Managers & Administrators (Including Working Proprietors),22.20 
Information & Communications,2016,Other Occupation Groups Nes,0.00 
Information & Communications,2016,Plant & Machine Operators & Assemblers,1.40 
Information & Communications,2016,Professionals,30.50 
Information & Communications,2016,Service & Sales Workers,1.90 
Information & Communications,2017,All Occupation Groups,91.30 
Information & Communications,2017,Associate Professionals & Technicians,20.60 
Information & Communications,2017,"Cleaners, Labourers & Related Workers",0.80 
Information & Communications,2017,Clerical Support Workers,8.30 
Information & Communications,2017,Craftsmen & Related Trades Workers,1.10 
Information & Communications,2017,Managers & Administrators (Including Working Proprietors),24.80 
Information & Communications,2017,Other Occupation Groups Nes,0.00 
Information & Communications,2017,Plant & Machine Operators & Assemblers,0.60 
Information & Communications,2017,Professionals,33.30 
Information & Communications,2017,Service & Sales Workers,1.80 
Information & Communications,2018,All Occupation Groups,94.10 
Information & Communications,2018,Associate Professionals & Technicians,19.70 
Information & Communications,2018,"Cleaners, Labourers & Related Workers",0.80 
Information & Communications,2018,Clerical Support Workers,9.50 
Information & Communications,2018,Craftsmen & Related Trades Workers,0.60 
Information & Communications,2018,Managers & Administrators (Including Working Proprietors),24.70 
Information & Communications,2018,Other Occupation Groups Nes,0.10 
Information & Communications,2018,Plant & Machine Operators & Assemblers,0.60 
Information & Communications,2018,Professionals,36.40 
Information & Communications,2018,Service & Sales Workers,1.60 
Information & Communications,2019,All Occupation Groups,102.60 
Information & Communications,2019,Associate Professionals & Technicians,21.40 
Information & Communications,2019,"Cleaners, Labourers & Related Workers",1.10 
Information & Communications,2019,Clerical Support Workers,9.00 
Information & Communications,2019,Craftsmen & Related Trades Workers,1.00 
Information & Communications,2019,Managers & Administrators (Including Working Proprietors),28.10 
Information & Communications,2019,Other Occupation Groups Nes,0.00 
Information & Communications,2019,Plant & Machine Operators & Assemblers,0.70 
Information & Communications,2019,Professionals,39.20 
Information & Communications,2019,Service & Sales Workers,2.10 
Information & Communications,2020,All Occupation Groups,111.40 
Information & Communications,2020,Associate Professionals & Technicians,23.00 
Information & Communications,2020,"Cleaners, Labourers & Related Workers",1.30 
Information & Communications,2020,Clerical Support Workers,8.20 
Information & Communications,2020,Craftsmen & Related Trades Workers,0.70 
Information & Communications,2020,Managers & Administrators (Including Working Proprietors),32.50 
Information & Communications,2020,Other Occupation Groups Nes,0.10 
Information & Communications,2020,Plant & Machine Operators & Assemblers,1.10 
Information & Communications,2020,Professionals,42.90 
Information & Communications,2020,Service & Sales Workers,1.60 
Information & Communications,2021,All Occupation Groups,120.40 
Information & Communications,2021,Associate Professionals & Technicians,23.00 
Information & Communications,2021,"Cleaners, Labourers & Related Workers",1.60 
Information & Communications,2021,Clerical Support Workers,8.70 
Information & Communications,2021,Craftsmen & Related Trades Workers,1.00 
Information & Communications,2021,Managers & Administrators (Including Working Proprietors),30.10 
Information & Communications,2021,Other Occupation Groups Nes,0.10 
Information & Communications,2021,Plant & Machine Operators & Assemblers,1.00 
Information & Communications,2021,Professionals,52.70 
Information & Communications,2021,Service & Sales Workers,2.20 
Information & Communications,2022,All Occupation Groups,132.80 
Information & Communications,2022,Associate Professionals & Technicians,23.80 
Information & Communications,2022,"Cleaners, Labourers & Related Workers",2.00 
Information & Communications,2022,Clerical Support Workers,9.40 
Information & Communications,2022,Craftsmen & Related Trades Workers,1.00 
Information & Communications,2022,Managers & Administrators (Including Working Proprietors),33.80 
Information & Communications,2022,Other Occupation Groups Nes,0.00 
Information & Communications,2022,Plant & Machine Operators & Assemblers,1.30 
Information & Communications,2022,Professionals,59.30 
Information & Communications,2022,Service & Sales Workers,2.20 
Information & Communications,2023,All Occupation Groups,136.00 
Information & Communications,2023,Associate Professionals & Technicians,23.60 
Information & Communications,2023,"Cleaners, Labourers & Related Workers",2.30 
Information & Communications,2023,Clerical Support Workers,7.00 
Information & Communications,2023,Craftsmen & Related Trades Workers,0.80 
Information & Communications,2023,Managers & Administrators (Including Working Proprietors),32.90 
Information & Communications,2023,Other Occupation Groups Nes,0.00 
Information & Communications,2023,Plant & Machine Operators & Assemblers,1.60 
Information & Communications,2023,Professionals,65.70 
Information & Communications,2023,Service & Sales Workers,1.90 
Information & Communications,2024,All Occupation Groups,139.10 
Information & Communications,2024,Associate Professionals & Technicians,22.80 
Information & Communications,2024,"Cleaners, Labourers & Related Workers",2.40 
Information & Communications,2024,Clerical Support Workers,7.60 
Information & Communications,2024,Craftsmen & Related Trades Workers,1.10 
Information & Communications,2024,Managers & Administrators (Including Working Proprietors),36.90 
Information & Communications,2024,Other Occupation Groups Nes,0.00 
Information & Communications,2024,Plant & Machine Operators & Assemblers,1.90 
Information & Communications,2024,Professionals,65.20 
Information & Communications,2024,Service & Sales Workers,1.40 
Professional And Administrative & Support,2007,All Occupation Groups,185.40 
Professional And Administrative & Support,2007,Associate Professionals & Technicians,25.70 
Professional And Administrative & Support,2007,"Cleaners, Labourers & Related Workers",27.60 
Professional And Administrative & Support,2007,Clerical Support Workers,30.00 
Professional And Administrative & Support,2007,Craftsmen & Related Trades Workers,3.90 
Professional And Administrative & Support,2007,Managers & Administrators (Including Working Proprietors),29.10 
Professional And Administrative & Support,2007,Other Occupation Groups Nes,0.00 
Professional And Administrative & Support,2007,Plant & Machine Operators & Assemblers,4.10 
Professional And Administrative & Support,2007,Professionals,41.10 
Professional And Administrative & Support,2007,Service & Sales Workers,23.90 
Professional And Administrative & Support,2008,All Occupation Groups,196.80 
Professional And Administrative & Support,2008,Associate Professionals & Technicians,28.40 
Professional And Administrative & Support,2008,"Cleaners, Labourers & Related Workers",27.00 
Professional And Administrative & Support,2008,Clerical Support Workers,31.20 
Professional And Administrative & Support,2008,Craftsmen & Related Trades Workers,3.30 
Professional And Administrative & Support,2008,Managers & Administrators (Including Working Proprietors),33.00 
Professional And Administrative & Support,2008,Other Occupation Groups Nes,0.00 
Professional And Administrative & Support,2008,Plant & Machine Operators & Assemblers,3.70 
Professional And Administrative & Support,2008,Professionals,47.60 
Professional And Administrative & Support,2008,Service & Sales Workers,22.70 
Professional And Administrative & Support,2009,All Occupation Groups,198.30 
Professional And Administrative & Support,2009,Associate Professionals & Technicians,27.90 
Professional And Administrative & Support,2009,"Cleaners, Labourers & Related Workers",26.90 
Professional And Administrative & Support,2009,Clerical Support Workers,29.60 
Professional And Administrative & Support,2009,Craftsmen & Related Trades Workers,3.40 
Professional And Administrative & Support,2009,Managers & Administrators (Including Working Proprietors),33.90 
Professional And Administrative & Support,2009,Other Occupation Groups Nes,0.00 
Professional And Administrative & Support,2009,Plant & Machine Operators & Assemblers,3.80 
Professional And Administrative & Support,2009,Professionals,50.50 
Professional And Administrative & Support,2009,Service & Sales Workers,22.30 
Professional And Administrative & Support,2010,All Occupation Groups,212.60 
Professional And Administrative & Support,2010,Associate Professionals & Technicians,29.80 
Professional And Administrative & Support,2010,"Cleaners, Labourers & Related Workers",32.80 
Professional And Administrative & Support,2010,Clerical Support Workers,32.30 
Professional And Administrative & Support,2010,Craftsmen & Related Trades Workers,6.30 
Professional And Administrative & Support,2010,Managers & Administrators (Including Working Proprietors),31.80 
Professional And Administrative & Support,2010,Other Occupation Groups Nes,0.00 
Professional And Administrative & Support,2010,Plant & Machine Operators & Assemblers,5.20 
Professional And Administrative & Support,2010,Professionals,51.80 
Professional And Administrative & Support,2010,Service & Sales Workers,22.80 
Professional And Administrative & Support,2011,All Occupation Groups,222.20 
Professional And Administrative & Support,2011,Associate Professionals & Technicians,33.00 
Professional And Administrative & Support,2011,"Cleaners, Labourers & Related Workers",34.10 
Professional And Administrative & Support,2011,Clerical Support Workers,32.90 
Professional And Administrative & Support,2011,Craftsmen & Related Trades Workers,5.20 
Professional And Administrative & Support,2011,Managers & Administrators (Including Working Proprietors),41.00 
Professional And Administrative & Support,2011,Other Occupation Groups Nes,0.00 
Professional And Administrative & Support,2011,Plant & Machine Operators & Assemblers,4.40 
Professional And Administrative & Support,2011,Professionals,49.00 
Professional And Administrative & Support,2011,Service & Sales Workers,22.70 
Professional And Administrative & Support,2012,All Occupation Groups,237.10 
Professional And Administrative & Support,2012,Associate Professionals & Technicians,37.20 
Professional And Administrative & Support,2012,"Cleaners, Labourers & Related Workers",35.00 
Professional And Administrative & Support,2012,Clerical Support Workers,34.10 
Professional And Administrative & Support,2012,Craftsmen & Related Trades Workers,7.00 
Professional And Administrative & Support,2012,Managers & Administrators (Including Working Proprietors),38.80 
Professional And Administrative & Support,2012,Other Occupation Groups Nes,0.00 
Professional And Administrative & Support,2012,Plant & Machine Operators & Assemblers,5.80 
Professional And Administrative & Support,2012,Professionals,56.60 
Professional And Administrative & Support,2012,Service & Sales Workers,22.80 
Professional And Administrative & Support,2013,All Occupation Groups,242.10 
Professional And Administrative & Support,2013,Associate Professionals & Technicians,40.50 
Professional And Administrative & Support,2013,"Cleaners, Labourers & Related Workers",31.80 
Professional And Administrative & Support,2013,Clerical Support Workers,36.60 
Professional And Administrative & Support,2013,Craftsmen & Related Trades Workers,5.90 
Professional And Administrative & Support,2013,Managers & Administrators (Including Working Proprietors),42.30 
Professional And Administrative & Support,2013,Other Occupation Groups Nes,0.00 
Professional And Administrative & Support,2013,Plant & Machine Operators & Assemblers,5.30 
Professional And Administrative & Support,2013,Professionals,55.70 
Professional And Administrative & Support,2013,Service & Sales Workers,23.90 
Professional And Administrative & Support,2014,All Occupation Groups,255.00 
Professional And Administrative & Support,2014,Associate Professionals & Technicians,44.20 
Professional And Administrative & Support,2014,"Cleaners, Labourers & Related Workers",33.60 
Professional And Administrative & Support,2014,Clerical Support Workers,33.90 
Professional And Administrative & Support,2014,Craftsmen & Related Trades Workers,6.60 
Professional And Administrative & Support,2014,Managers & Administrators (Including Working Proprietors),45.30 
Professional And Administrative & Support,2014,Other Occupation Groups Nes,0.00 
Professional And Administrative & Support,2014,Plant & Machine Operators & Assemblers,4.70 
Professional And Administrative & Support,2014,Professionals,60.80 
Professional And Administrative & Support,2014,Service & Sales Workers,25.90 
Professional And Administrative & Support,2015,All Occupation Groups,275.50 
Professional And Administrative & Support,2015,Associate Professionals & Technicians,49.90 
Professional And Administrative & Support,2015,"Cleaners, Labourers & Related Workers",33.50 
Professional And Administrative & Support,2015,Clerical Support Workers,37.50 
Professional And Administrative & Support,2015,Craftsmen & Related Trades Workers,5.40 
Professional And Administrative & Support,2015,Managers & Administrators (Including Working Proprietors),45.40 
Professional And Administrative & Support,2015,Other Occupation Groups Nes,1.10 
Professional And Administrative & Support,2015,Plant & Machine Operators & Assemblers,6.40 
Professional And Administrative & Support,2015,Professionals,67.50 
Professional And Administrative & Support,2015,Service & Sales Workers,28.80 
Professional And Administrative & Support,2016,All Occupation Groups,278.90 
Professional And Administrative & Support,2016,Associate Professionals & Technicians,55.50 
Professional And Administrative & Support,2016,"Cleaners, Labourers & Related Workers",37.00 
Professional And Administrative & Support,2016,Clerical Support Workers,31.60 
Professional And Administrative & Support,2016,Craftsmen & Related Trades Workers,6.80 
Professional And Administrative & Support,2016,Managers & Administrators (Including Working Proprietors),44.00 
Professional And Administrative & Support,2016,Other Occupation Groups Nes,0.90 
Professional And Administrative & Support,2016,Plant & Machine Operators & Assemblers,7.50 
Professional And Administrative & Support,2016,Professionals,65.40 
Professional And Administrative & Support,2016,Service & Sales Workers,30.00 
Professional And Administrative & Support,2017,All Occupation Groups,285.50 
Professional And Administrative & Support,2017,Associate Professionals & Technicians,51.30 
Professional And Administrative & Support,2017,"Cleaners, Labourers & Related Workers",42.10 
Professional And Administrative & Support,2017,Clerical Support Workers,34.90 
Professional And Administrative & Support,2017,Craftsmen & Related Trades Workers,5.30 
Professional And Administrative & Support,2017,Managers & Administrators (Including Working Proprietors),46.10 
Professional And Administrative & Support,2017,Other Occupation Groups Nes,1.10 
Professional And Administrative & Support,2017,Plant & Machine Operators & Assemblers,6.10 
Professional And Administrative & Support,2017,Professionals,70.00 
Professional And Administrative & Support,2017,Service & Sales Workers,28.50 
Professional And Administrative & Support,2018,All Occupation Groups,292.30 
Professional And Administrative & Support,2018,Associate Professionals & Technicians,56.30 
Professional And Administrative & Support,2018,"Cleaners, Labourers & Related Workers",40.40 
Professional And Administrative & Support,2018,Clerical Support Workers,32.80 
Professional And Administrative & Support,2018,Craftsmen & Related Trades Workers,5.90 
Professional And Administrative & Support,2018,Managers & Administrators (Including Working Proprietors),45.20 
Professional And Administrative & Support,2018,Other Occupation Groups Nes,1.60 
Professional And Administrative & Support,2018,Plant & Machine Operators & Assemblers,6.20 
Professional And Administrative & Support,2018,Professionals,71.00 
Professional And Administrative & Support,2018,Service & Sales Workers,32.80 
Professional And Administrative & Support,2019,All Occupation Groups,301.50 
Professional And Administrative & Support,2019,Associate Professionals & Technicians,62.60 
Professional And Administrative & Support,2019,"Cleaners, Labourers & Related Workers",37.00 
Professional And Administrative & Support,2019,Clerical Support Workers,33.70 
Professional And Administrative & Support,2019,Craftsmen & Related Trades Workers,6.50 
Professional And Administrative & Support,2019,Managers & Administrators (Including Working Proprietors),48.60 
Professional And Administrative & Support,2019,Other Occupation Groups Nes,1.20 
Professional And Administrative & Support,2019,Plant & Machine Operators & Assemblers,4.70 
Professional And Administrative & Support,2019,Professionals,73.60 
Professional And Administrative & Support,2019,Service & Sales Workers,33.70 
Professional And Administrative & Support,2020,All Occupation Groups,309.70 
Professional And Administrative & Support,2020,Associate Professionals & Technicians,59.00 
Professional And Administrative & Support,2020,"Cleaners, Labourers & Related Workers",41.00 
Professional And Administrative & Support,2020,Clerical Support Workers,30.10 
Professional And Administrative & Support,2020,Craftsmen & Related Trades Workers,5.90 
Professional And Administrative & Support,2020,Managers & Administrators (Including Working Proprietors),55.50 
Professional And Administrative & Support,2020,Other Occupation Groups Nes,1.70 
Professional And Administrative & Support,2020,Plant & Machine Operators & Assemblers,5.30 
Professional And Administrative & Support,2020,Professionals,79.50 
Professional And Administrative & Support,2020,Service & Sales Workers,31.80 
Professional And Administrative & Support,2021,All Occupation Groups,316.50 
Professional And Administrative & Support,2021,Associate Professionals & Technicians,56.90 
Professional And Administrative & Support,2021,"Cleaners, Labourers & Related Workers",41.20 
Professional And Administrative & Support,2021,Clerical Support Workers,30.40 
Professional And Administrative & Support,2021,Craftsmen & Related Trades Workers,5.40 
Professional And Administrative & Support,2021,Managers & Administrators (Including Working Proprietors),55.40 
Professional And Administrative & Support,2021,Other Occupation Groups Nes,1.70 
Professional And Administrative & Support,2021,Plant & Machine Operators & Assemblers,4.20 
Professional And Administrative & Support,2021,Professionals,90.90 
Professional And Administrative & Support,2021,Service & Sales Workers,30.40 
Professional And Administrative & Support,2022,All Occupation Groups,317.90 
Professional And Administrative & Support,2022,Associate Professionals & Technicians,59.30 
Professional And Administrative & Support,2022,"Cleaners, Labourers & Related Workers",39.20 
Professional And Administrative & Support,2022,Clerical Support Workers,28.70 
Professional And Administrative & Support,2022,Craftsmen & Related Trades Workers,3.90 
Professional And Administrative & Support,2022,Managers & Administrators (Including Working Proprietors),55.40 
Professional And Administrative & Support,2022,Other Occupation Groups Nes,1.60 
Professional And Administrative & Support,2022,Plant & Machine Operators & Assemblers,5.00 
Professional And Administrative & Support,2022,Professionals,92.10 
Professional And Administrative & Support,2022,Service & Sales Workers,32.80 
Professional And Administrative & Support,2023,All Occupation Groups,325.00 
Professional And Administrative & Support,2023,Associate Professionals & Technicians,61.60 
Professional And Administrative & Support,2023,"Cleaners, Labourers & Related Workers",39.00 
Professional And Administrative & Support,2023,Clerical Support Workers,30.40 
Professional And Administrative & Support,2023,Craftsmen & Related Trades Workers,5.30 
Professional And Administrative & Support,2023,Managers & Administrators (Including Working Proprietors),50.50 
Professional And Administrative & Support,2023,Other Occupation Groups Nes,1.70 
Professional And Administrative & Support,2023,Plant & Machine Operators & Assemblers,4.60 
Professional And Administrative & Support,2023,Professionals,98.70 
Professional And Administrative & Support,2023,Service & Sales Workers,33.20 
Professional And Administrative & Support,2024,All Occupation Groups,321.10 
Professional And Administrative & Support,2024,Associate Professionals & Technicians,59.40 
Professional And Administrative & Support,2024,"Cleaners, Labourers & Related Workers",39.40 
Professional And Administrative & Support,2024,Clerical Support Workers,27.70 
Professional And Administrative & Support,2024,Craftsmen & Related Trades Workers,4.70 
Professional And Administrative & Support,2024,Managers & Administrators (Including Working Proprietors),56.00 
Professional And Administrative & Support,2024,Other Occupation Groups Nes,1.30 
Professional And Administrative & Support,2024,Plant & Machine Operators & Assemblers,5.40 
Professional And Administrative & Support,2024,Professionals,96.40 
Professional And Administrative & Support,2024,Service & Sales Workers,30.80 
Real Estate Services,2007,All Occupation Groups,38.50 
Real Estate Services,2007,Associate Professionals & Technicians,18.20 
Real Estate Services,2007,"Cleaners, Labourers & Related Workers",3.70 
Real Estate Services,2007,Clerical Support Workers,5.90 
Real Estate Services,2007,Craftsmen & Related Trades Workers,1.20 
Real Estate Services,2007,Managers & Administrators (Including Working Proprietors),5.80 
Real Estate Services,2007,Other Occupation Groups Nes,0.00 
Real Estate Services,2007,Plant & Machine Operators & Assemblers,0.30 
Real Estate Services,2007,Professionals,2.80 
Real Estate Services,2007,Service & Sales Workers,0.60 
Real Estate Services,2008,All Occupation Groups,40.80 
Real Estate Services,2008,Associate Professionals & Technicians,20.60 
Real Estate Services,2008,"Cleaners, Labourers & Related Workers",2.40 
Real Estate Services,2008,Clerical Support Workers,5.60 
Real Estate Services,2008,Craftsmen & Related Trades Workers,1.30 
Real Estate Services,2008,Managers & Administrators (Including Working Proprietors),6.40 
Real Estate Services,2008,Other Occupation Groups Nes,0.00 
Real Estate Services,2008,Plant & Machine Operators & Assemblers,0.20 
Real Estate Services,2008,Professionals,3.20 
Real Estate Services,2008,Service & Sales Workers,1.20 
Real Estate Services,2009,All Occupation Groups,45.00 
Real Estate Services,2009,Associate Professionals & Technicians,21.70 
Real Estate Services,2009,"Cleaners, Labourers & Related Workers",3.80 
Real Estate Services,2009,Clerical Support Workers,6.20 
Real Estate Services,2009,Craftsmen & Related Trades Workers,1.30 
Real Estate Services,2009,Managers & Administrators (Including Working Proprietors),7.50 
Real Estate Services,2009,Other Occupation Groups Nes,0.00 
Real Estate Services,2009,Plant & Machine Operators & Assemblers,0.20 
Real Estate Services,2009,Professionals,3.30 
Real Estate Services,2009,Service & Sales Workers,1.20 
Real Estate Services,2010,All Occupation Groups,40.20 
Real Estate Services,2010,Associate Professionals & Technicians,20.60 
Real Estate Services,2010,"Cleaners, Labourers & Related Workers",1.60 
Real Estate Services,2010,Clerical Support Workers,5.40 
Real Estate Services,2010,Craftsmen & Related Trades Workers,0.50 
Real Estate Services,2010,Managers & Administrators (Including Working Proprietors),8.10 
Real Estate Services,2010,Other Occupation Groups Nes,0.00 
Real Estate Services,2010,Plant & Machine Operators & Assemblers,0.20 
Real Estate Services,2010,Professionals,2.80 
Real Estate Services,2010,Service & Sales Workers,0.90 
Real Estate Services,2011,All Occupation Groups,48.90 
Real Estate Services,2011,Associate Professionals & Technicians,27.40 
Real Estate Services,2011,"Cleaners, Labourers & Related Workers",1.50 
Real Estate Services,2011,Clerical Support Workers,6.30 
Real Estate Services,2011,Craftsmen & Related Trades Workers,1.50 
Real Estate Services,2011,Managers & Administrators (Including Working Proprietors),8.30 
Real Estate Services,2011,Other Occupation Groups Nes,0.00 
Real Estate Services,2011,Plant & Machine Operators & Assemblers,0.30 
Real Estate Services,2011,Professionals,2.80 
Real Estate Services,2011,Service & Sales Workers,0.90 
Real Estate Services,2012,All Occupation Groups,52.00 
Real Estate Services,2012,Associate Professionals & Technicians,25.80 
Real Estate Services,2012,"Cleaners, Labourers & Related Workers",2.60 
Real Estate Services,2012,Clerical Support Workers,8.20 
Real Estate Services,2012,Craftsmen & Related Trades Workers,1.60 
Real Estate Services,2012,Managers & Administrators (Including Working Proprietors),8.60 
Real Estate Services,2012,Other Occupation Groups Nes,0.00 
Real Estate Services,2012,Plant & Machine Operators & Assemblers,0.30 
Real Estate Services,2012,Professionals,3.40 
Real Estate Services,2012,Service & Sales Workers,1.50 
Real Estate Services,2013,All Occupation Groups,49.30 
Real Estate Services,2013,Associate Professionals & Technicians,27.10 
Real Estate Services,2013,"Cleaners, Labourers & Related Workers",3.50 
Real Estate Services,2013,Clerical Support Workers,6.70 
Real Estate Services,2013,Craftsmen & Related Trades Workers,1.10 
Real Estate Services,2013,Managers & Administrators (Including Working Proprietors),6.70 
Real Estate Services,2013,Other Occupation Groups Nes,0.00 
Real Estate Services,2013,Plant & Machine Operators & Assemblers,0.30 
Real Estate Services,2013,Professionals,2.90 
Real Estate Services,2013,Service & Sales Workers,1.00 
Real Estate Services,2014,All Occupation Groups,55.60 
Real Estate Services,2014,Associate Professionals & Technicians,26.00 
Real Estate Services,2014,"Cleaners, Labourers & Related Workers",6.50 
Real Estate Services,2014,Clerical Support Workers,7.80 
Real Estate Services,2014,Craftsmen & Related Trades Workers,1.80 
Real Estate Services,2014,Managers & Administrators (Including Working Proprietors),8.00 
Real Estate Services,2014,Other Occupation Groups Nes,0.00 
Real Estate Services,2014,Plant & Machine Operators & Assemblers,0.50 
Real Estate Services,2014,Professionals,3.60 
Real Estate Services,2014,Service & Sales Workers,1.40 
Real Estate Services,2015,All Occupation Groups,55.40 
Real Estate Services,2015,Associate Professionals & Technicians,25.90 
Real Estate Services,2015,"Cleaners, Labourers & Related Workers",7.70 
Real Estate Services,2015,Clerical Support Workers,7.00 
Real Estate Services,2015,Craftsmen & Related Trades Workers,1.60 
Real Estate Services,2015,Managers & Administrators (Including Working Proprietors),7.00 
Real Estate Services,2015,Other Occupation Groups Nes,0.00 
Real Estate Services,2015,Plant & Machine Operators & Assemblers,0.80 
Real Estate Services,2015,Professionals,3.60 
Real Estate Services,2015,Service & Sales Workers,1.80 
Real Estate Services,2016,All Occupation Groups,53.50 
Real Estate Services,2016,Associate Professionals & Technicians,23.30 
Real Estate Services,2016,"Cleaners, Labourers & Related Workers",7.90 
Real Estate Services,2016,Clerical Support Workers,6.70 
Real Estate Services,2016,Craftsmen & Related Trades Workers,2.10 
Real Estate Services,2016,Managers & Administrators (Including Working Proprietors),7.60 
Real Estate Services,2016,Other Occupation Groups Nes,0.00 
Real Estate Services,2016,Plant & Machine Operators & Assemblers,0.70 
Real Estate Services,2016,Professionals,3.10 
Real Estate Services,2016,Service & Sales Workers,2.10 
Real Estate Services,2017,All Occupation Groups,57.60 
Real Estate Services,2017,Associate Professionals & Technicians,26.70 
Real Estate Services,2017,"Cleaners, Labourers & Related Workers",7.10 
Real Estate Services,2017,Clerical Support Workers,7.10 
Real Estate Services,2017,Craftsmen & Related Trades Workers,1.80 
Real Estate Services,2017,Managers & Administrators (Including Working Proprietors),7.10 
Real Estate Services,2017,Other Occupation Groups Nes,0.10 
Real Estate Services,2017,Plant & Machine Operators & Assemblers,0.50 
Real Estate Services,2017,Professionals,4.70 
Real Estate Services,2017,Service & Sales Workers,2.50 
Real Estate Services,2018,All Occupation Groups,54.00 
Real Estate Services,2018,Associate Professionals & Technicians,27.10 
Real Estate Services,2018,"Cleaners, Labourers & Related Workers",5.80 
Real Estate Services,2018,Clerical Support Workers,5.70 
Real Estate Services,2018,Craftsmen & Related Trades Workers,1.60 
Real Estate Services,2018,Managers & Administrators (Including Working Proprietors),7.40 
Real Estate Services,2018,Other Occupation Groups Nes,0.00 
Real Estate Services,2018,Plant & Machine Operators & Assemblers,0.40 
Real Estate Services,2018,Professionals,4.30 
Real Estate Services,2018,Service & Sales Workers,1.70 
Real Estate Services,2019,All Occupation Groups,48.70 
Real Estate Services,2019,Associate Professionals & Technicians,26.30 
Real Estate Services,2019,"Cleaners, Labourers & Related Workers",3.50 
Real Estate Services,2019,Clerical Support Workers,4.50 
Real Estate Services,2019,Craftsmen & Related Trades Workers,1.20 
Real Estate Services,2019,Managers & Administrators (Including Working Proprietors),6.30 
Real Estate Services,2019,Other Occupation Groups Nes,0.00 
Real Estate Services,2019,Plant & Machine Operators & Assemblers,0.30 
Real Estate Services,2019,Professionals,4.40 
Real Estate Services,2019,Service & Sales Workers,2.20 
Real Estate Services,2020,All Occupation Groups,49.80 
Real Estate Services,2020,Associate Professionals & Technicians,25.60 
Real Estate Services,2020,"Cleaners, Labourers & Related Workers",3.00 
Real Estate Services,2020,Clerical Support Workers,4.70 
Real Estate Services,2020,Craftsmen & Related Trades Workers,1.30 
Real Estate Services,2020,Managers & Administrators (Including Working Proprietors),6.10 
Real Estate Services,2020,Other Occupation Groups Nes,0.10 
Real Estate Services,2020,Plant & Machine Operators & Assemblers,0.40 
Real Estate Services,2020,Professionals,6.70 
Real Estate Services,2020,Service & Sales Workers,1.90 
Real Estate Services,2021,All Occupation Groups,51.00 
Real Estate Services,2021,Associate Professionals & Technicians,26.40 
Real Estate Services,2021,"Cleaners, Labourers & Related Workers",4.50 
Real Estate Services,2021,Clerical Support Workers,6.00 
Real Estate Services,2021,Craftsmen & Related Trades Workers,0.40 
Real Estate Services,2021,Managers & Administrators (Including Working Proprietors),5.70 
Real Estate Services,2021,Other Occupation Groups Nes,0.10 
Real Estate Services,2021,Plant & Machine Operators & Assemblers,0.50 
Real Estate Services,2021,Professionals,5.50 
Real Estate Services,2021,Service & Sales Workers,2.00 
Real Estate Services,2022,All Occupation Groups,59.70 
Real Estate Services,2022,Associate Professionals & Technicians,28.50 
Real Estate Services,2022,"Cleaners, Labourers & Related Workers",6.40 
Real Estate Services,2022,Clerical Support Workers,5.40 
Real Estate Services,2022,Craftsmen & Related Trades Workers,1.30 
Real Estate Services,2022,Managers & Administrators (Including Working Proprietors),7.50 
Real Estate Services,2022,Other Occupation Groups Nes,0.10 
Real Estate Services,2022,Plant & Machine Operators & Assemblers,0.50 
Real Estate Services,2022,Professionals,6.80 
Real Estate Services,2022,Service & Sales Workers,3.20 
Real Estate Services,2023,All Occupation Groups,57.20 
Real Estate Services,2023,Associate Professionals & Technicians,26.60 
Real Estate Services,2023,"Cleaners, Labourers & Related Workers",7.20 
Real Estate Services,2023,Clerical Support Workers,4.90 
Real Estate Services,2023,Craftsmen & Related Trades Workers,1.10 
Real Estate Services,2023,Managers & Administrators (Including Working Proprietors),8.90 
Real Estate Services,2023,Other Occupation Groups Nes,0.10 
Real Estate Services,2023,Plant & Machine Operators & Assemblers,0.40 
Real Estate Services,2023,Professionals,4.80 
Real Estate Services,2023,Service & Sales Workers,3.30 
Real Estate Services,2024,All Occupation Groups,56.30 
Real Estate Services,2024,Associate Professionals & Technicians,27.40 
Real Estate Services,2024,"Cleaners, Labourers & Related Workers",5.10 
Real Estate Services,2024,Clerical Support Workers,5.50 
Real Estate Services,2024,Craftsmen & Related Trades Workers,1.50 
Real Estate Services,2024,Managers & Administrators (Including Working Proprietors),7.10 
Real Estate Services,2024,Other Occupation Groups Nes,0.10 
Real Estate Services,2024,Plant & Machine Operators & Assemblers,0.50 
Real Estate Services,2024,Professionals,5.50 
Real Estate Services,2024,Service & Sales Workers,3.60 
Transportation & Storage,2007,All Occupation Groups,179.90 
Transportation & Storage,2007,Associate Professionals & Technicians,21.00 
Transportation & Storage,2007,"Cleaners, Labourers & Related Workers",13.50 
Transportation & Storage,2007,Clerical Support Workers,30.60 
Transportation & Storage,2007,Craftsmen & Related Trades Workers,3.00 
Transportation & Storage,2007,Managers & Administrators (Including Working Proprietors),18.10 
Transportation & Storage,2007,Other Occupation Groups Nes,0.00 
Transportation & Storage,2007,Plant & Machine Operators & Assemblers,73.90 
Transportation & Storage,2007,Professionals,9.20 
Transportation & Storage,2007,Service & Sales Workers,10.70 
Transportation & Storage,2008,All Occupation Groups,182.40 
Transportation & Storage,2008,Associate Professionals & Technicians,20.80 
Transportation & Storage,2008,"Cleaners, Labourers & Related Workers",11.70 
Transportation & Storage,2008,Clerical Support Workers,33.70 
Transportation & Storage,2008,Craftsmen & Related Trades Workers,2.80 
Transportation & Storage,2008,Managers & Administrators (Including Working Proprietors),19.70 
Transportation & Storage,2008,Other Occupation Groups Nes,0.00 
Transportation & Storage,2008,Plant & Machine Operators & Assemblers,73.10 
Transportation & Storage,2008,Professionals,10.90 
Transportation & Storage,2008,Service & Sales Workers,9.70 
Transportation & Storage,2009,All Occupation Groups,179.90 
Transportation & Storage,2009,Associate Professionals & Technicians,21.00 
Transportation & Storage,2009,"Cleaners, Labourers & Related Workers",10.40 
Transportation & Storage,2009,Clerical Support Workers,30.20 
Transportation & Storage,2009,Craftsmen & Related Trades Workers,3.60 
Transportation & Storage,2009,Managers & Administrators (Including Working Proprietors),20.30 
Transportation & Storage,2009,Other Occupation Groups Nes,0.00 
Transportation & Storage,2009,Plant & Machine Operators & Assemblers,73.70 
Transportation & Storage,2009,Professionals,10.30 
Transportation & Storage,2009,Service & Sales Workers,10.60 
Transportation & Storage,2010,All Occupation Groups,191.30 
Transportation & Storage,2010,Associate Professionals & Technicians,24.70 
Transportation & Storage,2010,"Cleaners, Labourers & Related Workers",12.40 
Transportation & Storage,2010,Clerical Support Workers,32.30 
Transportation & Storage,2010,Craftsmen & Related Trades Workers,3.00 
Transportation & Storage,2010,Managers & Administrators (Including Working Proprietors),22.10 
Transportation & Storage,2010,Other Occupation Groups Nes,0.10 
Transportation & Storage,2010,Plant & Machine Operators & Assemblers,71.50 
Transportation & Storage,2010,Professionals,14.40 
Transportation & Storage,2010,Service & Sales Workers,10.80 
Transportation & Storage,2011,All Occupation Groups,192.00 
Transportation & Storage,2011,Associate Professionals & Technicians,24.70 
Transportation & Storage,2011,"Cleaners, Labourers & Related Workers",11.10 
Transportation & Storage,2011,Clerical Support Workers,32.30 
Transportation & Storage,2011,Craftsmen & Related Trades Workers,2.90 
Transportation & Storage,2011,Managers & Administrators (Including Working Proprietors),20.20 
Transportation & Storage,2011,Other Occupation Groups Nes,0.10 
Transportation & Storage,2011,Plant & Machine Operators & Assemblers,76.60 
Transportation & Storage,2011,Professionals,12.40 
Transportation & Storage,2011,Service & Sales Workers,11.80 
Transportation & Storage,2012,All Occupation Groups,189.50 
Transportation & Storage,2012,Associate Professionals & Technicians,22.90 
Transportation & Storage,2012,"Cleaners, Labourers & Related Workers",12.70 
Transportation & Storage,2012,Clerical Support Workers,33.20 
Transportation & Storage,2012,Craftsmen & Related Trades Workers,3.00 
Transportation & Storage,2012,Managers & Administrators (Including Working Proprietors),20.50 
Transportation & Storage,2012,Other Occupation Groups Nes,0.00 
Transportation & Storage,2012,Plant & Machine Operators & Assemblers,73.50 
Transportation & Storage,2012,Professionals,11.30 
Transportation & Storage,2012,Service & Sales Workers,12.40 
Transportation & Storage,2013,All Occupation Groups,192.60 
Transportation & Storage,2013,Associate Professionals & Technicians,25.90 
Transportation & Storage,2013,"Cleaners, Labourers & Related Workers",10.80 
Transportation & Storage,2013,Clerical Support Workers,33.50 
Transportation & Storage,2013,Craftsmen & Related Trades Workers,2.70 
Transportation & Storage,2013,Managers & Administrators (Including Working Proprietors),20.70 
Transportation & Storage,2013,Other Occupation Groups Nes,0.00 
Transportation & Storage,2013,Plant & Machine Operators & Assemblers,73.10 
Transportation & Storage,2013,Professionals,12.20 
Transportation & Storage,2013,Service & Sales Workers,13.70 
Transportation & Storage,2014,All Occupation Groups,188.90 
Transportation & Storage,2014,Associate Professionals & Technicians,23.60 
Transportation & Storage,2014,"Cleaners, Labourers & Related Workers",9.80 
Transportation & Storage,2014,Clerical Support Workers,32.90 
Transportation & Storage,2014,Craftsmen & Related Trades Workers,2.90 
Transportation & Storage,2014,Managers & Administrators (Including Working Proprietors),19.90 
Transportation & Storage,2014,Other Occupation Groups Nes,0.00 
Transportation & Storage,2014,Plant & Machine Operators & Assemblers,73.00 
Transportation & Storage,2014,Professionals,13.30 
Transportation & Storage,2014,Service & Sales Workers,13.50 
Transportation & Storage,2015,All Occupation Groups,187.60 
Transportation & Storage,2015,Associate Professionals & Technicians,28.00 
Transportation & Storage,2015,"Cleaners, Labourers & Related Workers",11.80 
Transportation & Storage,2015,Clerical Support Workers,29.30 
Transportation & Storage,2015,Craftsmen & Related Trades Workers,3.70 
Transportation & Storage,2015,Managers & Administrators (Including Working Proprietors),18.30 
Transportation & Storage,2015,Other Occupation Groups Nes,0.00 
Transportation & Storage,2015,Plant & Machine Operators & Assemblers,74.20 
Transportation & Storage,2015,Professionals,13.00 
Transportation & Storage,2015,Service & Sales Workers,9.40 
Transportation & Storage,2016,All Occupation Groups,188.40 
Transportation & Storage,2016,Associate Professionals & Technicians,29.30 
Transportation & Storage,2016,"Cleaners, Labourers & Related Workers",10.40 
Transportation & Storage,2016,Clerical Support Workers,26.10 
Transportation & Storage,2016,Craftsmen & Related Trades Workers,3.10 
Transportation & Storage,2016,Managers & Administrators (Including Working Proprietors),16.90 
Transportation & Storage,2016,Other Occupation Groups Nes,0.00 
Transportation & Storage,2016,Plant & Machine Operators & Assemblers,78.90 
Transportation & Storage,2016,Professionals,12.10 
Transportation & Storage,2016,Service & Sales Workers,11.50 
Transportation & Storage,2017,All Occupation Groups,195.90 
Transportation & Storage,2017,Associate Professionals & Technicians,27.70 
Transportation & Storage,2017,"Cleaners, Labourers & Related Workers",10.90 
Transportation & Storage,2017,Clerical Support Workers,25.30 
Transportation & Storage,2017,Craftsmen & Related Trades Workers,3.10 
Transportation & Storage,2017,Managers & Administrators (Including Working Proprietors),17.20 
Transportation & Storage,2017,Other Occupation Groups Nes,0.00 
Transportation & Storage,2017,Plant & Machine Operators & Assemblers,87.80 
Transportation & Storage,2017,Professionals,12.80 
Transportation & Storage,2017,Service & Sales Workers,11.20 
Transportation & Storage,2018,All Occupation Groups,199.00 
Transportation & Storage,2018,Associate Professionals & Technicians,30.90 
Transportation & Storage,2018,"Cleaners, Labourers & Related Workers",12.20 
Transportation & Storage,2018,Clerical Support Workers,27.80 
Transportation & Storage,2018,Craftsmen & Related Trades Workers,2.40 
Transportation & Storage,2018,Managers & Administrators (Including Working Proprietors),18.20 
Transportation & Storage,2018,Other Occupation Groups Nes,0.00 
Transportation & Storage,2018,Plant & Machine Operators & Assemblers,82.90 
Transportation & Storage,2018,Professionals,13.70 
Transportation & Storage,2018,Service & Sales Workers,10.80 
Transportation & Storage,2019,All Occupation Groups,205.50 
Transportation & Storage,2019,Associate Professionals & Technicians,28.70 
Transportation & Storage,2019,"Cleaners, Labourers & Related Workers",11.30 
Transportation & Storage,2019,Clerical Support Workers,26.40 
Transportation & Storage,2019,Craftsmen & Related Trades Workers,2.30 
Transportation & Storage,2019,Managers & Administrators (Including Working Proprietors),18.70 
Transportation & Storage,2019,Other Occupation Groups Nes,0.00 
Transportation & Storage,2019,Plant & Machine Operators & Assemblers,91.20 
Transportation & Storage,2019,Professionals,15.10 
Transportation & Storage,2019,Service & Sales Workers,11.80 
Transportation & Storage,2020,All Occupation Groups,214.80 
Transportation & Storage,2020,Associate Professionals & Technicians,32.60 
Transportation & Storage,2020,"Cleaners, Labourers & Related Workers",12.40 
Transportation & Storage,2020,Clerical Support Workers,23.00 
Transportation & Storage,2020,Craftsmen & Related Trades Workers,2.70 
Transportation & Storage,2020,Managers & Administrators (Including Working Proprietors),15.50 
Transportation & Storage,2020,Other Occupation Groups Nes,0.00 
Transportation & Storage,2020,Plant & Machine Operators & Assemblers,99.50 
Transportation & Storage,2020,Professionals,17.80 
Transportation & Storage,2020,Service & Sales Workers,11.30 
Transportation & Storage,2021,All Occupation Groups,200.60 
Transportation & Storage,2021,Associate Professionals & Technicians,32.00 
Transportation & Storage,2021,"Cleaners, Labourers & Related Workers",14.20 
Transportation & Storage,2021,Clerical Support Workers,21.80 
Transportation & Storage,2021,Craftsmen & Related Trades Workers,1.60 
Transportation & Storage,2021,Managers & Administrators (Including Working Proprietors),17.70 
Transportation & Storage,2021,Other Occupation Groups Nes,0.00 
Transportation & Storage,2021,Plant & Machine Operators & Assemblers,84.80 
Transportation & Storage,2021,Professionals,19.50 
Transportation & Storage,2021,Service & Sales Workers,9.10 
Transportation & Storage,2022,All Occupation Groups,207.40 
Transportation & Storage,2022,Associate Professionals & Technicians,37.40 
Transportation & Storage,2022,"Cleaners, Labourers & Related Workers",17.80 
Transportation & Storage,2022,Clerical Support Workers,22.10 
Transportation & Storage,2022,Craftsmen & Related Trades Workers,1.40 
Transportation & Storage,2022,Managers & Administrators (Including Working Proprietors),18.30 
Transportation & Storage,2022,Other Occupation Groups Nes,0.00 
Transportation & Storage,2022,Plant & Machine Operators & Assemblers,84.20 
Transportation & Storage,2022,Professionals,18.20 
Transportation & Storage,2022,Service & Sales Workers,8.00 
Transportation & Storage,2023,All Occupation Groups,214.30 
Transportation & Storage,2023,Associate Professionals & Technicians,39.50 
Transportation & Storage,2023,"Cleaners, Labourers & Related Workers",16.30 
Transportation & Storage,2023,Clerical Support Workers,22.30 
Transportation & Storage,2023,Craftsmen & Related Trades Workers,2.00 
Transportation & Storage,2023,Managers & Administrators (Including Working Proprietors),18.00 
Transportation & Storage,2023,Other Occupation Groups Nes,0.10 
Transportation & Storage,2023,Plant & Machine Operators & Assemblers,87.70 
Transportation & Storage,2023,Professionals,18.00 
Transportation & Storage,2023,Service & Sales Workers,10.50 
Transportation & Storage,2024,All Occupation Groups,197.90 
Transportation & Storage,2024,Associate Professionals & Technicians,33.30 
Transportation & Storage,2024,"Cleaners, Labourers & Related Workers",15.90 
Transportation & Storage,2024,Clerical Support Workers,21.00 
Transportation & Storage,2024,Craftsmen & Related Trades Workers,2.10 
Transportation & Storage,2024,Managers & Administrators (Including Working Proprietors),19.30 
Transportation & Storage,2024,Other Occupation Groups Nes,0.00 
Transportation & Storage,2024,Plant & Machine Operators & Assemblers,78.90 
Transportation & Storage,2024,Professionals,18.20 
Transportation & Storage,2024,Service & Sales Workers,9.10 
Wholesale & Retail Trade,2007,All Occupation Groups,277.00 
Wholesale & Retail Trade,2007,Associate Professionals & Technicians,29.10 
Wholesale & Retail Trade,2007,"Cleaners, Labourers & Related Workers",11.70 
Wholesale & Retail Trade,2007,Clerical Support Workers,37.30 
Wholesale & Retail Trade,2007,Craftsmen & Related Trades Workers,4.40 
Wholesale & Retail Trade,2007,Managers & Administrators (Including Working Proprietors),69.90 
Wholesale & Retail Trade,2007,Other Occupation Groups Nes,0.10 
Wholesale & Retail Trade,2007,Plant & Machine Operators & Assemblers,15.60 
Wholesale & Retail Trade,2007,Professionals,19.20 
Wholesale & Retail Trade,2007,Service & Sales Workers,89.50 
Wholesale & Retail Trade,2008,All Occupation Groups,269.50 
Wholesale & Retail Trade,2008,Associate Professionals & Technicians,29.00 
Wholesale & Retail Trade,2008,"Cleaners, Labourers & Related Workers",10.80 
Wholesale & Retail Trade,2008,Clerical Support Workers,35.90 
Wholesale & Retail Trade,2008,Craftsmen & Related Trades Workers,4.60 
Wholesale & Retail Trade,2008,Managers & Administrators (Including Working Proprietors),71.80 
Wholesale & Retail Trade,2008,Other Occupation Groups Nes,0.10 
Wholesale & Retail Trade,2008,Plant & Machine Operators & Assemblers,12.70 
Wholesale & Retail Trade,2008,Professionals,17.00 
Wholesale & Retail Trade,2008,Service & Sales Workers,87.60 
Wholesale & Retail Trade,2009,All Occupation Groups,272.40 
Wholesale & Retail Trade,2009,Associate Professionals & Technicians,29.10 
Wholesale & Retail Trade,2009,"Cleaners, Labourers & Related Workers",11.40 
Wholesale & Retail Trade,2009,Clerical Support Workers,36.50 
Wholesale & Retail Trade,2009,Craftsmen & Related Trades Workers,5.20 
Wholesale & Retail Trade,2009,Managers & Administrators (Including Working Proprietors),71.70 
Wholesale & Retail Trade,2009,Other Occupation Groups Nes,0.00 
Wholesale & Retail Trade,2009,Plant & Machine Operators & Assemblers,14.00 
Wholesale & Retail Trade,2009,Professionals,18.40 
Wholesale & Retail Trade,2009,Service & Sales Workers,86.00 
Wholesale & Retail Trade,2010,All Occupation Groups,281.70 
Wholesale & Retail Trade,2010,Associate Professionals & Technicians,21.40 
Wholesale & Retail Trade,2010,"Cleaners, Labourers & Related Workers",11.50 
Wholesale & Retail Trade,2010,Clerical Support Workers,34.60 
Wholesale & Retail Trade,2010,Craftsmen & Related Trades Workers,6.00 
Wholesale & Retail Trade,2010,Managers & Administrators (Including Working Proprietors),80.70 
Wholesale & Retail Trade,2010,Other Occupation Groups Nes,0.50 
Wholesale & Retail Trade,2010,Plant & Machine Operators & Assemblers,13.30 
Wholesale & Retail Trade,2010,Professionals,21.30 
Wholesale & Retail Trade,2010,Service & Sales Workers,92.40 
Wholesale & Retail Trade,2011,All Occupation Groups,300.50 
Wholesale & Retail Trade,2011,Associate Professionals & Technicians,28.90 
Wholesale & Retail Trade,2011,"Cleaners, Labourers & Related Workers",11.90 
Wholesale & Retail Trade,2011,Clerical Support Workers,37.30 
Wholesale & Retail Trade,2011,Craftsmen & Related Trades Workers,5.30 
Wholesale & Retail Trade,2011,Managers & Administrators (Including Working Proprietors),87.70 
Wholesale & Retail Trade,2011,Other Occupation Groups Nes,0.10 
Wholesale & Retail Trade,2011,Plant & Machine Operators & Assemblers,12.70 
Wholesale & Retail Trade,2011,Professionals,23.80 
Wholesale & Retail Trade,2011,Service & Sales Workers,92.80 
Wholesale & Retail Trade,2012,All Occupation Groups,306.30 
Wholesale & Retail Trade,2012,Associate Professionals & Technicians,30.20 
Wholesale & Retail Trade,2012,"Cleaners, Labourers & Related Workers",11.80 
Wholesale & Retail Trade,2012,Clerical Support Workers,40.60 
Wholesale & Retail Trade,2012,Craftsmen & Related Trades Workers,6.90 
Wholesale & Retail Trade,2012,Managers & Administrators (Including Working Proprietors),84.40 
Wholesale & Retail Trade,2012,Other Occupation Groups Nes,0.20 
Wholesale & Retail Trade,2012,Plant & Machine Operators & Assemblers,13.70 
Wholesale & Retail Trade,2012,Professionals,28.30 
Wholesale & Retail Trade,2012,Service & Sales Workers,90.20 
Wholesale & Retail Trade,2013,All Occupation Groups,302.20 
Wholesale & Retail Trade,2013,Associate Professionals & Technicians,32.20 
Wholesale & Retail Trade,2013,"Cleaners, Labourers & Related Workers",12.00 
Wholesale & Retail Trade,2013,Clerical Support Workers,40.70 
Wholesale & Retail Trade,2013,Craftsmen & Related Trades Workers,5.70 
Wholesale & Retail Trade,2013,Managers & Administrators (Including Working Proprietors),79.50 
Wholesale & Retail Trade,2013,Other Occupation Groups Nes,0.10 
Wholesale & Retail Trade,2013,Plant & Machine Operators & Assemblers,12.90 
Wholesale & Retail Trade,2013,Professionals,27.40 
Wholesale & Retail Trade,2013,Service & Sales Workers,91.60 
Wholesale & Retail Trade,2014,All Occupation Groups,346.30 
Wholesale & Retail Trade,2014,Associate Professionals & Technicians,44.30 
Wholesale & Retail Trade,2014,"Cleaners, Labourers & Related Workers",16.40 
Wholesale & Retail Trade,2014,Clerical Support Workers,48.10 
Wholesale & Retail Trade,2014,Craftsmen & Related Trades Workers,9.60 
Wholesale & Retail Trade,2014,Managers & Administrators (Including Working Proprietors),90.60 
Wholesale & Retail Trade,2014,Other Occupation Groups Nes,0.10 
Wholesale & Retail Trade,2014,Plant & Machine Operators & Assemblers,16.40 
Wholesale & Retail Trade,2014,Professionals,33.10 
Wholesale & Retail Trade,2014,Service & Sales Workers,87.80 
Wholesale & Retail Trade,2015,All Occupation Groups,364.10 
Wholesale & Retail Trade,2015,Associate Professionals & Technicians,58.20 
Wholesale & Retail Trade,2015,"Cleaners, Labourers & Related Workers",15.90 
Wholesale & Retail Trade,2015,Clerical Support Workers,50.20 
Wholesale & Retail Trade,2015,Craftsmen & Related Trades Workers,10.60 
Wholesale & Retail Trade,2015,Managers & Administrators (Including Working Proprietors),90.60 
Wholesale & Retail Trade,2015,Other Occupation Groups Nes,0.10 
Wholesale & Retail Trade,2015,Plant & Machine Operators & Assemblers,18.30 
Wholesale & Retail Trade,2015,Professionals,38.10 
Wholesale & Retail Trade,2015,Service & Sales Workers,82.10 
Wholesale & Retail Trade,2016,All Occupation Groups,364.10 
Wholesale & Retail Trade,2016,Associate Professionals & Technicians,63.60 
Wholesale & Retail Trade,2016,"Cleaners, Labourers & Related Workers",15.00 
Wholesale & Retail Trade,2016,Clerical Support Workers,49.50 
Wholesale & Retail Trade,2016,Craftsmen & Related Trades Workers,10.50 
Wholesale & Retail Trade,2016,Managers & Administrators (Including Working Proprietors),82.40 
Wholesale & Retail Trade,2016,Other Occupation Groups Nes,0.40 
Wholesale & Retail Trade,2016,Plant & Machine Operators & Assemblers,19.20 
Wholesale & Retail Trade,2016,Professionals,38.50 
Wholesale & Retail Trade,2016,Service & Sales Workers,85.00 
Wholesale & Retail Trade,2017,All Occupation Groups,356.20 
Wholesale & Retail Trade,2017,Associate Professionals & Technicians,62.30 
Wholesale & Retail Trade,2017,"Cleaners, Labourers & Related Workers",15.20 
Wholesale & Retail Trade,2017,Clerical Support Workers,47.20 
Wholesale & Retail Trade,2017,Craftsmen & Related Trades Workers,9.60 
Wholesale & Retail Trade,2017,Managers & Administrators (Including Working Proprietors),89.80 
Wholesale & Retail Trade,2017,Other Occupation Groups Nes,0.30 
Wholesale & Retail Trade,2017,Plant & Machine Operators & Assemblers,17.30 
Wholesale & Retail Trade,2017,Professionals,39.40 
Wholesale & Retail Trade,2017,Service & Sales Workers,75.10 
Wholesale & Retail Trade,2018,All Occupation Groups,352.50 
Wholesale & Retail Trade,2018,Associate Professionals & Technicians,62.50 
Wholesale & Retail Trade,2018,"Cleaners, Labourers & Related Workers",15.80 
Wholesale & Retail Trade,2018,Clerical Support Workers,42.10 
Wholesale & Retail Trade,2018,Craftsmen & Related Trades Workers,7.50 
Wholesale & Retail Trade,2018,Managers & Administrators (Including Working Proprietors),84.80 
Wholesale & Retail Trade,2018,Other Occupation Groups Nes,0.30 
Wholesale & Retail Trade,2018,Plant & Machine Operators & Assemblers,16.70 
Wholesale & Retail Trade,2018,Professionals,40.10 
Wholesale & Retail Trade,2018,Service & Sales Workers,82.70 
Wholesale & Retail Trade,2019,All Occupation Groups,356.00 
Wholesale & Retail Trade,2019,Associate Professionals & Technicians,69.80 
Wholesale & Retail Trade,2019,"Cleaners, Labourers & Related Workers",13.80 
Wholesale & Retail Trade,2019,Clerical Support Workers,42.00 
Wholesale & Retail Trade,2019,Craftsmen & Related Trades Workers,10.80 
Wholesale & Retail Trade,2019,Managers & Administrators (Including Working Proprietors),82.00 
Wholesale & Retail Trade,2019,Other Occupation Groups Nes,0.40 
Wholesale & Retail Trade,2019,Plant & Machine Operators & Assemblers,17.20 
Wholesale & Retail Trade,2019,Professionals,42.40 
Wholesale & Retail Trade,2019,Service & Sales Workers,77.60 
Wholesale & Retail Trade,2020,All Occupation Groups,335.10 
Wholesale & Retail Trade,2020,Associate Professionals & Technicians,68.70 
Wholesale & Retail Trade,2020,"Cleaners, Labourers & Related Workers",13.30 
Wholesale & Retail Trade,2020,Clerical Support Workers,36.20 
Wholesale & Retail Trade,2020,Craftsmen & Related Trades Workers,9.60 
Wholesale & Retail Trade,2020,Managers & Administrators (Including Working Proprietors),79.50 
Wholesale & Retail Trade,2020,Other Occupation Groups Nes,0.30 
Wholesale & Retail Trade,2020,Plant & Machine Operators & Assemblers,13.60 
Wholesale & Retail Trade,2020,Professionals,49.10 
Wholesale & Retail Trade,2020,Service & Sales Workers,64.90 
Wholesale & Retail Trade,2021,All Occupation Groups,338.60 
Wholesale & Retail Trade,2021,Associate Professionals & Technicians,60.80 
Wholesale & Retail Trade,2021,"Cleaners, Labourers & Related Workers",14.80 
Wholesale & Retail Trade,2021,Clerical Support Workers,39.80 
Wholesale & Retail Trade,2021,Craftsmen & Related Trades Workers,9.70 
Wholesale & Retail Trade,2021,Managers & Administrators (Including Working Proprietors),87.00 
Wholesale & Retail Trade,2021,Other Occupation Groups Nes,0.50 
Wholesale & Retail Trade,2021,Plant & Machine Operators & Assemblers,16.00 
Wholesale & Retail Trade,2021,Professionals,53.30 
Wholesale & Retail Trade,2021,Service & Sales Workers,56.70 
Wholesale & Retail Trade,2022,All Occupation Groups,351.80 
Wholesale & Retail Trade,2022,Associate Professionals & Technicians,68.00 
Wholesale & Retail Trade,2022,"Cleaners, Labourers & Related Workers",17.10 
Wholesale & Retail Trade,2022,Clerical Support Workers,34.30 
Wholesale & Retail Trade,2022,Craftsmen & Related Trades Workers,8.40 
Wholesale & Retail Trade,2022,Managers & Administrators (Including Working Proprietors),92.10 
Wholesale & Retail Trade,2022,Other Occupation Groups Nes,0.20 
Wholesale & Retail Trade,2022,Plant & Machine Operators & Assemblers,15.20 
Wholesale & Retail Trade,2022,Professionals,57.10 
Wholesale & Retail Trade,2022,Service & Sales Workers,59.40 
Wholesale & Retail Trade,2023,All Occupation Groups,335.80 
Wholesale & Retail Trade,2023,Associate Professionals & Technicians,65.00 
Wholesale & Retail Trade,2023,"Cleaners, Labourers & Related Workers",16.50 
Wholesale & Retail Trade,2023,Clerical Support Workers,32.50 
Wholesale & Retail Trade,2023,Craftsmen & Related Trades Workers,10.60 
Wholesale & Retail Trade,2023,Managers & Administrators (Including Working Proprietors),76.60 
Wholesale & Retail Trade,2023,Other Occupation Groups Nes,0.70 
Wholesale & Retail Trade,2023,Plant & Machine Operators & Assemblers,12.70 
Wholesale & Retail Trade,2023,Professionals,59.60 
Wholesale & Retail Trade,2023,Service & Sales Workers,61.60 
Wholesale & Retail Trade,2024,All Occupation Groups,336.00 
Wholesale & Retail Trade,2024,Associate Professionals & Technicians,63.20 
Wholesale & Retail Trade,2024,"Cleaners, Labourers & Related Workers",15.70 
Wholesale & Retail Trade,2024,Clerical Support Workers,36.80 
Wholesale & Retail Trade,2024,Craftsmen & Related Trades Workers,8.30 
Wholesale & Retail Trade,2024,Managers & Administrators (Including Working Proprietors),82.90 
Wholesale & Retail Trade,2024,Other Occupation Groups Nes,0.60 
Wholesale & Retail Trade,2024,Plant & Machine Operators & Assemblers,13.30 
Wholesale & Retail Trade,2024,Professionals,58.00 
Wholesale & Retail Trade,2024,Service & Sales Workers,57.40 
